record_id,title,journal,author,old_doi,retraction_doi,original_paper_doi,doi_for_requesting,...7
29030,Twenty-first birthday drinking: Extreme drinking episodes and white matter microstructural changes in the fornix and corpus callosum,Experimental and Clinical Psychopharmacology,Cassandra L Boness;Ozlem Korucuoglu;Jarrod M Ellingson;Anne M Merrill;Yoanna E McDowell;Constantine J Trela;Kenneth J Sher;Thomas M Piasecki;John G Kerns,10.1037/pha0000466,10.1037/pha0000466,10.1037/pha0000466,https://api.openalex.org/works/filter=id.doi:10.1037/pha0000336,NA
27702,Determinants of self-reported adherence to inhaler therapy in patients with chronic obstructive pulmonary disease,Multidisciplinary Respiratory Medicine,Ilaria Aredano;Francesca de Blasio;Paola Berchialla;Luisa Brussino;Caterina Bucca;Paolo Sildoro,10.4081/mrm.2020.721,10.4081/mrm.2020.654,10.4081/mrm.2020.721,https://api.openalex.org/works/filter=id.doi:https://doi.org/10.4081/mrm.2020.654,NA
23278,Association Between Particulate Matter Air Pollution and Risk of Depression and Suicide: Systematic Review and Meta-Analysis,British Journal of Psychiatry,Xuelin Gu;Qisijing Liu;Furong Deng;Xueqin Wang;Hualiang Lin;Xinbiao Guo;Shaowei Wu,10.1192/bjp.2018.295,10.1192/bjp.2020.87,10.1192/bjp.2018.295,https://api.openalex.org/works/filter=id.doi:https://doi.org/10.1192/bjp.2020.87,NA
23368,Health systems strengthening to optimise scale-up in global mental health in low- and middle-income countries: lessons from the frontlines,Epidemiology and Psychiatric Sciences,Inge Petersen;Andre van Rensburg;S Gigaba;Z P B Luvuno;L Fairall,10.1017/S2045796020000141,10.1017/S2045796020000311,10.1017/S2045796020000141,NA,NA
22417,Prediction of cancer and coronary heart disease as a function of method of questionnaire administration,Psychological Reports,Ronald Grossarth-Maticek;Hans J Eysenck;Paul Barrett,10.1177/00332941930733pt101,10.1177/0033294120901992,10.1177/00332941930733pt101,https://api.openalex.org/works/filter=id.doi:https://doi.org/10.2466/pr0.1993.73.3.943,NA
20531,Content validity and psychometric evaluation of functional assessment of chronic illness therapy-fatigue in patients with psoriatic arthritis,Journal of Patient-Reported Outcomes,David Cella;Hilary Wilson;Huda Shalhoub;Dennis A Revicki;Joseph C Cappelleri;Andrew G Bushmakin;Elizabeth Kudlacz;Ming Ann Hsu,10.1186/s41687-019-0094-5,10.1186/s41687-019-0125-2,10.1186/s41687-019-0094-5,NA,NA
19633,An intentional basis for corporate personality,International Journal of Law in Context,Anthony Amatrudo,10.1017/S174455231200274,10.1017/S1744552318000320,10.1017/S174455231200274,NA,NA
22256,"Comparative study of psychological health status, emotions and cognitive transformation of children held in foster centers associated with Yazd provinceâ€™s welfare organization with those of the ordinary children",Journal of Fundamental and Applied Sciences,V Alinia;M Fesahat,10.4314/jfas.v10i6s.172,unavailable,10.4314/jfas.v10i6s.172,NA,NA
22040,Knowledge-based expert system for predictive classification of main specific learning disabilities,Journal of Fundamental and Applied Sciences,R M Rasli;N A A Aziz;S A Salim;F M Razali;N M Norwawi;N Basir,10.4314/jfas.v10i6s.12,unavailable,10.4314/jfas.v10i6s.12,NA,NA
21986,"Relationship between anxiety, stress and depression with spiritual health in patients with acute vascular syndrome coronary",Journal of Fundamental and Applied Sciences,M Rahmanian;F Honarmand;S Moghaddam;M Zeinijahromi,10.4314/jfas.v10i6s.61,unavailable,10.4314/jfas.v10i6s.61,NA,NA
21865,The dynamic maturative model for attachment,Acta Medica Mediterranea,Agata Maltese;Beatrice Gallai;Palmira Romano;Lucrezia Dâ€™Oro;Rosa Marotta;Francesco Lavano;Serena Marianna Lavano;Gabriele Tripi;Margherita Salerno,10.19193/0393-6384_2017_2s_195,10.19193/0393-6384_2017_2s_195,10.19193/0393-6384_2017_2s_195,NA,maybe look for first author here
19269,A Novel Method Based on Induced Aggregation Operator for Classroom Teaching Quality Evaluation with Probabilistic and Pythagorean Fuzzy Information,"EURASIA Journal of Mathematics, Science and Technology Education (EJMSTE)",Shouzhen Zeng;Nan Wang;Chonghui Zhang;Weihua Su,10.29333/ejmste/89518,10.29333/ejmste/96348,10.29333/ejmste/89518,https://api.openalex.org/works/filter=id.doi:https://doi.org/10.29333/ejmste/96348,NA
19045,Does Treatment Satisfaction Influence Adherence to Treatment?: Impact of AF Patients' Treatment Satisfaction on Adherence to Oral Anticoagulation Treatment,Blood,Sabrina Mueller;Anna Katharina Meinecke;Sandra Buchwald;Daniel Eriksson;Thomas Wilke,10.1182/blood-2018-08-870402,10.1182/blood-2018-08-870402,unavailable,https://api.openalex.org/works/filter=id.doi:https://doi.org/10.1182/blood.V130.Suppl_1.2142.2142,NA
19048,Real-World Adherence to Non-Vitamin K Antagonist Oral Anticoagulants in Patients with Atrial Fibrillation: Results of an International Survey,Blood,Sabrina Mueller;Anna Katharina Meinecke;Sandra Buchwald;Daniel Eriksson;Thomas Wilke,10.1182/blood-2018-08-870428,10.1182/blood-2018-08-870428,unavailable,https://api.openalex.org/works/filter=id.doi:https://doi.org/10.1182/blood.V130.Suppl_1.4726.4726,NA
21862,Anger in Children: A Minireview,Acta Medica Mediterranea,Agata Maltese;Palmira Romano;Lucrezia D'Oro;Beatrice Gallai,10.19193/0393-6384_2017_2s_191,10.19193/0393-6384_2017_2s_191,10.19193/0393-6384_2017_2s_191,NA,same first author here
18154,Assessing empathy,Affilia,Susan J Roll,10.1177/0886109917743445,10.1177/0886109917743445,10.1177/0886109917743445,NA,NA
17349,Renew Yourself: A Six-Step Plan for More Meaningful Work,The Journal of Academic Librarianship,Alexandra Simmons,10.1016/j.acalib.2017.09.011,10.1016/j.acalib.2017.09.011,10.1016/j.acalib.2017.09.011,NA,NA
17350,The First-Year Experience Cookbook,The Journal of Academic Librarianship,Asheleigh A Folsom,10.1016/j.acalib.2017.09.012,10.1016/j.acalib.2017.09.012,10.1016/j.acalib.2017.09.012,NA,NA
21874,The effects of overweight and obesity on cognitive functions and psychological well-being,Acta Medica Mediterranea,Marco La Marra;Anna Valenzano;;Maria Ruberto;Raffaella Perrella;Alessandro Iavarone;Sergio Chieffi;Vincenzo Monda;Giuseppe Davide Albano;Francesco Sessa;Gabriella Marsala;Domenico Centofanti;Monica Salerno;Antonio Ivano Triggiani;Antonietta Messina;Giorgio Caviglia,10.19193/0393-6384_2017_2s_190,10.19193/0393-6384_2017_2s_190,10.19193/0393-6384_2017_2s_190,NA,NA
12523,Culture as a variable in neuroscience and clinical neuropsychology: a comprehensive review,Dementia & Neuropsychologia,Jose Roberto Wajman;Paulo Henrique Ferreira Bertolucci;LetÃ­cia Lessa Mansur;Serge Gauthier,10.1590/1980-57642016dn11-030016,10.1590/1980-57642016dn11-030016,10.1590/1980-57642016dn11-030016,https://api.openalex.org/works/filter=id.doi:https://doi.org/10.1590/1980-57642015DN93000002,NA
11320,Impact of shopper's creativeness on shopping methods: A case-study of students of University of Delhi (India),Journal of Process Management - New Technologies,Makarand Upadhyaya,10.5937/JPMNT1601076B,10.5937/JPMNT1601076B,unavailable,NA,NA
8644,Multilevel Predictors of Math Classroom Climate: A Comparison Study of Student and Teacher Perceptions,Journal of Research on Adolescence,Ming-Te Wang;Jacquelynne S Eccles,10.1111/jora.12153,NA,NA,NA,NA
6361,The Indirect Relationship Between Learning Climate and Employeesâ€™ Creativity and Adaptivity: The Role of Employee Engagement,Personnel Psychology,Liat Eldor;Itzhak Harpaz,10.1111/peps.1214,10.1111/peps.12176,10.1111/peps.1214,https://api.openalex.org/works/filter=id.doi:https://doi.org/10.1111/peps.12149,NA
8215,Developments in Combining Psychological Treatments for Trichotillomania: A Review and Future Directions,Western Undergraduate Psychology Journal,Bryanna Lucyk,NA,NA,NA,undergrad,NA
8281,Fatal factitious Cushing syndrome (MÃ¼nchhausenâ€™s syndrome) in a patient with macroprolactinoma and silent corticotrophinoma: case report and literature review,Clinical Diabetes and Endocrinology,CarlosÂ AndrÃ© Minanni;AnaÂ Luiza DeÂ Almeida Cardoso;EdoardaÂ Vasco deÂ Albuquerque Albuquerque;LucianaÂ Pinto Brito;LudmillaÂ MalveiraÂ Lima Lopes;Andrea Glezer;ElisaÂ Del RosarioÂ Ugarte Verduguez;BereniceÂ Bilharinho DeÂ MendonÃ§a;MarcelloÂ Delano Bronstein;MarcioÂ Carlos Machado;MariaÂ CandidaÂ BarissonÂ Villares Fragoso,10.1186/s40842-015-0002-8,NA,NA,NA,NA
9196,The experiences of mental health professionals' and patients' use of pro re nata (PRN) medication in acute adult mental health care settings: a systematic review protocol of qualitative evidence,JBI Database of Systematic Reviews and Implementation Reports,Bernadette Morkunas;Kylie Porritt;Matthew Stephenson,10.11124/jbisrir-2014-1669,10.11124/jbisrir-2015â€“2494,10.11124/jbisrir-2014-1669,https://api.openalex.org/works/filter=id.doi:https://doi.org/10.11124/jbisrir-2016-003167,NA
5531,"An Assessment of the Relation between Analysts' Earnings Forecast Accuracy, Motivational Incentives and Cognitive Information Search Strategy",The Accounting Review,James E Hunton;Ruth Ann McEwen,10.2308/accr-10450.s02,10.2308/accr-10450,10.2308/accr-10450.s02,https://api.openalex.org/works/filter=id.doi:https://doi.org/10.2308/accr-10450,NA
3816,"Personal distress, but not sympathy, predicts the negative influence of bystanders on responding to an emergency","Cognitive, Affective & Behavioral Neuroscience (CABN)",Ruud Hortensius;Dennis J L G Schutter;Beatrice de Gelder,NA,10.3758/s13415-014-0326-3,NA,https://api.openalex.org/works/filter=id.doi:https://doi.org/10.3758/s13415-014-0326-3,NA
13040,Psychiatric Disorders,Sleepiness and Human Impact Assessment,Luigi Ferini-Strambi;Sara Marelli,NA,NA,NA,NA,NA
3530,The Predictors of the Job Stress among Female Married Hospital Nurses,Industrial Health,Li Fang;Shu-Hui Fang;Yun-Ho Chung;Chin-Lin Fang,10.2486/indhealth.2014-0013,10.2486/indhealth.2014-0013e,10.2486/indhealth.2014-0013,https://api.openalex.org/W2065015826,NA
16258,The impact of comprehension versus self-enhancement goals on group perception,Social Psychology,Arne van den Bos;Diederik A Stapel,10.1027/1864-9335.39.4.244,10.1027/1864-9335/a000152,10.1027/1864-9335.39.4.244,https://api.openalex.org/W2089914536,NA
586,Profiling the different needs and expectations of patients for population-based medicine: a case study using segmentation analysis,BMC Health Services Research,Federico Lega;Alessandro Mengoni,10.1186/1472-6963-13-180,10.1186/1472-6963-12-473,10.1186/1472-6963-13-180,https://api.openalex.org/works/filter=id.doi:https://doi.org/10.1186/1472-6963-12-473,NA
4149,The effects of diffuse and distinct affect,Journal of Personality and Social Psychology,Diederik A Stapel;Willem Koomen;Kirsten I Ruys,10.1037/0022-3514.83.1.60,10.1037/a0031698,10.1037/0022-3514.83.1.60,https://api.openalex.org/works/filter=id.doi:https://doi.org/10.1037/a0031698,NA
1578,Behavioural effects of automatic interpersonal versus intergroup social comparison,British Journal of Social Psychology,EH Gordijn;Diederik A Stapel,NA,NA,NA,https://api.openalex.org/W2047627261,NA
5258,"Beauty as a tool: The effect of model attractiveness, product relevance, and elaboration likelihood on advertising effectiveness",Psychology & Marketing,Debra Trampe;Diederik A Stapel;Frans W Siero;H Mulder,10.1002/mar.20375,10.1002/mar.20565,10.1002/mar.20375,NA,NA
17007,"Considering the Relationship Between Language, Culture and Cognition to Scrutinize the Lexical Influences on Cognition",Current Psychology,Iman Tohidian;Seyed Mahmoud Mir Tabatabaie,10.1007/s12144-010-9072-z,10.1007/s12144-012-9143-4,10.1007/s12144-010-9072-z,https://api.openalex.org/W2043740068,NA
1946,A Comparison of Impulsivity and Sensation Seeking in Pathological Gamblers and Skydivers,Scandinavian Journal of Psychology,Helga Myrseth;Renate Tvera;Susanne Hagatun;Canillia Lindgren,10.1111/j.1467-9450.2011.00944.x,10.1111/j.1467-9450.2011.00917.x,10.1111/j.1467-9450.2011.00944.x,https://api.openalex.org/W1913033647,NA
2976,"Reducing the harm of stress: medications to rescue the prefrontal cortex and overcome bad habits: the science of stress: focus on the brain, breaking bad habits, and chronic disease",The Yale Journal of Biology and Medicine,Lu E Jin,NA,NA,NA,NA,NA
2506,"Norms for the Korean version of the Harvard Group Scale of Hypnotic Susceptibility, Form A",The International Journal of Clinical and Experimental Hypnosis,Young Don Pyun;Yun Joo Kim,10.1080/00207144.2012.631858,10.1080/00207140802463799,10.1080/00207144.2012.631858,https://api.openalex.org/works/filter=id.doi:https://doi.org/10.1080/00207140802463799,NA
15878,Analysis on the Influence of Self-awareness and Achievement Motivation on College Students' Academic Self-handicapping,2011 2nd IEEE International Conference on Emergency Management and Management Sciences,Kang Jing;Wang Wei,NA,10.1109/ICEMMS.2011.6015816,NA,https://api.openalex.org/works/filter=id.doi:10.1109/ICEMMS.2011.6015816,NA
15931,Analysis on the Influence of Self-handicapping on College Students' Mental Health,2011 2nd IEEE International Conference on Emergency Management and Management Sciences,Kang Jing,NA,10.1109/ICEMMS.2011.6015815,NA,https://api.openalex.org/W1588573653,NA
15795,Construction and Analysis of Life Quality Between Physical Population and Non-physical Population in College Students,2011 2nd IEEE International Conference on Emergency Management and Management Sciences,Wang Wei;Kang Jing,NA,10.1109/ICEMMS.2011.6015625,NA,https://api.openalex.org/W1548688970,NA
15938,Empirical Study of the Impact of Physical Environment on the Employees Performance,2011 2nd IEEE International Conference on Emergency Management and Management Sciences,Li Yi,NA,10.1109/ICEMMS.2011.6015612,NA,https://api.openalex.org/W1537598142,NA
15784,On Establishment of Firefighting Army 's Psychological Aid Emergency System,2011 2nd IEEE International Conference on Emergency Management and Management Sciences,Hou Yi,NA,10.1109/ICEMMS.2011.6015653,NA,https://api.openalex.org/works/filter=id.doi:http://dx.doi.org/10.1109%2FICEMMS.2011.6015653,NA
15794,Risk Factors Analysis of Information Technology Outsourcing from the Distance-based Perspective,2011 2nd IEEE International Conference on Emergency Management and Management Sciences,Ma Yajing;Fang Deying;Chen Jianbin,NA,10.1109/ICEMMS.2011.6015779,NA,https://api.openalex.org/works/filter=id.doi:https://doi.org/10.1109/ICEMMS.2011.6015779,NA
15959,The New Research on the Establishment of the Mental Health Education System for Modern College Students,2011 2nd IEEE International Conference on Emergency Management and Management Sciences,Bao Ya-wei;Wan Yun;Xu Xue-lan,NA,10.1109/ICEMMS.2011.6015748,NA,https://api.openalex.org/W1505287639,NA
15920,The Review of Emergency Management Research,2011 2nd IEEE International Conference on Emergency Management and Management Sciences,Yang Gao;Congdong Li;Yinghong Zhao,NA,10.1109/ICEMMS.2011.6015786,NA,https://api.openalex.org/works/filter=id.doi:https://doi.org/10.1109/ICEMMS.2011.6015786,NA
15299,Collective Revelry Via Network and Group Psychological Motive of Chinese Netizens,"2011 2nd Intl Conf on Artificial Intelligence, Management Science and Electronic Commerce",Huiying Liu,NA,10.1109/AIMSEC.2011.6011259,NA,https://api.openalex.org/W1575132590,NA
15352,"Construction of Counseling Knowledge Based on the Specialized, Professional and Expertise of University Counselors","2011 2nd Intl Conf on Artificial Intelligence, Management Science and Electronic Commerce",Zhang Ming;Fang Qinli,NA,10.1109/AIMSEC.2011.6011241,NA,https://api.openalex.org/works/filter=id.doi:https://doi.org/10.1109/AIMSEC.2011.6011241,NA
16127,Leaders' influence tactics: A study of Chinese employees,"2011 2nd Intl Conf on Artificial Intelligence, Management Science and Electronic Commerce",Jiasheng Sun,NA,10.1109/AIMSEC.2011.6011112,NA,https://api.openalex.org/W1559894148,NA
15208,Study of Staff Internal Mobility in HRM,"2011 2nd Intl Conf on Artificial Intelligence, Management Science and Electronic Commerce",Gao Ying;Zhou Fang,NA,10.1109/AIMSEC.2011.6010623,NA,https://api.openalex.org/works/filter=id.doi:https://doi.org/10.1109/AIMSEC.2011.6010623,NA
15345,Suggestion for University Students' Ideological and Political Education,"2011 2nd Intl Conf on Artificial Intelligence, Management Science and Electronic Commerce",Yiyou,NA,10.1109/AIMSEC.2011.6010247,NA,https://api.openalex.org/works/filter=id.doi:http://dx.doi.org/10.1109/AIMSEC.2011.6010247,NA
15353,The Test of Full Model Between Competency and Job Performance â€” A Case of College Counselor,"2011 2nd Intl Conf on Artificial Intelligence, Management Science and Electronic Commerce",Wen-Ming Su;Wei-li Wu,NA,10.1109/AIMSEC.2011.6009635,NA,https://api.openalex.org/works/filter=id.doi:https://doi.org/10.1109/AIMSEC.2011.6009635,NA
2249,The effectiveness of Korean number naming on insight into numbers in Dutch students with mild intellectual disabilities,Research in Developmental Disabilities,Johannes E H Van Luit;MariÃ«t J Van der Molen,10.1016/j.ridd.2011.03.014,10.1016/j.ridd.2011.08.004,10.1016/j.ridd.2011.03.014,https://api.openalex.org/W1983115746,NA
4708,Improving Treatment of Adolescent Depression in Primary Care: Clinician Training Enhancements for Nonmental Health Providers and Lessons Learned From Anticipatory Guidance and Treatment Adherence Interventionsjcap_255,"Journal of Child and Adolescent Psychiatric Nursing: Official Publication of the Association of Child and Adolescent Psychiatric Nurses, Inc (JCAPN)",Scott Weber;Kathryn R Puskar;Duanxu Ren,10.1111/j.1744-6171.2010.00255.x,10.1111/j.1744-6171.2011.00286.x,10.1111/j.1744-6171.2010.00255.x,NA,NA
15759,An Analysis and Managerial Application on Work-family Conflict,2011 International Conference on Business Management and Electronic Information,Ping Xiao;Weifen Pu,NA,10.1109/ICBMEI.2011.5916993,NA,https://api.openalex.org/works/filter=id.doi:https://doi.org/10.1109/ICBMEI.2011.5916993,NA
15443,An Empirical Research on the Influence of Psychological Contract Violations on Customer Complaint Behavior,2011 International Conference on Business Management and Electronic Information,Tang Faliang,NA,10.1109/ICBMEI.2011.5920343,NA,https://api.openalex.org/works/filter=id.doi:https://doi.org/10.1109/ICBMEI.2011.5920343,NA
15441,Analysis on Current Situation and Developing Strategy of Tourism Market of College Students in Taiyuan,2011 International Conference on Business Management and Electronic Information,Hong-xia Yan,NA,10.1109/ICBMEI.2011.5920999,NA,https://api.openalex.org/works/filter=id.doi:https://doi.org/10.1109/ICBMEI.2011.5920999,NA
15578,"Citizens' Communal Coping Strategies to unFairness in Public Administration Domain: The Effects of Gender, Education and Trust in Government",2011 International Conference on Business Management and Electronic Information,Lin Jingyu;Zhou Jie;Li Yongjuan,NA,NA,NA,http://api.openalex.org/works/filter=id.doi:https://doi.org/10.1109/ICBMEI.2011.5918028,NA
15445,Incentive Research of Enterprise Employees Based on Psychology Contract Duality Classifies Model,2011 International Conference on Business Management and Electronic Information,Yu Zhitao;Liu Fen,NA,NA,NA,http://api.openalex.org/works/filter=id.doi:https://doi.org/10.1109/ICBMEI.2011.5916919,NA
15559,Measurement and Management on the Customer-based bBand Equity,2011 International Conference on Business Management and Electronic Information,Yijing Li;Yingchao Li,NA,NA,NA,http://api.openalex.org/works/filter=id.doi:https://doi.org/10.1109/ICBMEI.2011.5920932,NA
15565,Organization-level Stress Interventions: EAP Perspective,2011 International Conference on Business Management and Electronic Information,Zhun Gong;Yong Wang;Kan Zhang,NA,NA,NA,http://api.openalex.org/works/filter=id.doi:https://doi.org/10.1109/ICBMEI.2011.5916983,NA
15805,Perceived International Risk and Adaptive Marketing Tactics â€” On the Contingent Perspective of Global Marketing Theory,2011 International Conference on Business Management and Electronic Information,Wei Li;Yiqian Wan;Hui Xu,NA,NA,NA,http://api.openalex.org/works/filter=id.doi:https://doi.org/10.1109/ICBMEI.2011.5917848,NA
15595,Research on the Application of 4Ps Marketing Theory Based on Chinese Consumer Psychology,2011 International Conference on Business Management and Electronic Information,Liangfang Huang;Lingling Wang,NA,NA,NA,http://api.openalex.org/works/filter=id.doi:https://doi.org/10.1109/ICBMEI.2011.5916956,NA
15818,Research on the Relationship Between Perceived Organizational Support and Organizational Commitment: Evidence in China Context,2011 International Conference on Business Management and Electronic Information,Liao Shao-hong;Song Chun-ling,NA,NA,NA,http://api.openalex.org/works/filter=id.doi:https://doi.org/10.1109/ICBMEI.2011.5920441,NA
15561,The Impact of Job Characteristics on Job Burnout and Work Performance of Young Employees,2011 International Conference on Business Management and Electronic Information,Ting Nie;Ling Zhang,NA,NA,NA,http://api.openalex.org/works/filter=id.doi:https://doi.org/10.1109/ICBMEI.2011.5920430,NA
9829,A Neuroscience Lens to MIS Researh: NeuroIS,2011 International Conference on E-Business and E-Government (ICEE),Qing Xu;Tong Wang;Pengshuai Chen;Qianqian Zhu;Qiang Sheng;Qingguo Ma,NA,NA,NA,http://api.openalex.org/works/filter=id.doi:https://doi.org/10.1109/ICEBEG.2011.5882760,NA
9444,"A Relational Study on Personality Trait, Achievement Goal, and Test Anxiety in High School Students",2011 International Conference on E-Business and E-Government (ICEE),Rong Yao;Shanggui Song,NA,NA,NA,http://api.openalex.org/works/filter=id.doi:https://doi.org/10.1109/ICEBEG.2011.5887017,NA
9148,Comparative Study of Individual Knowledge Point & Knowledge Point Series-paralle Teaching in Computer Basic Teaching,2011 International Conference on E-Business and E-Government (ICEE),Yang Zhe,NA,NA,NA,http://api.openalex.org/works/filter=id.doi:https://doi.org/10.1109/ICEBEG.2011.5887052,NA
8993,Compensation system based on psychological contract for knowledge staff in high technology enterprise,2011 International Conference on E-Business and E-Government (ICEE),Zhou Bo;Pang Xiaohui,NA,NA,NA,http://api.openalex.org/works/filter=id.doi:https://doi.org/10.1109/ICEBEG.2011.5887053,NA
9933,"Consumer Bounded Rationality, Network Externality and the Evolution of E-Business Network Industry",2011 International Conference on E-Business and E-Government (ICEE),Huang Chunchun;Zhou Yean,NA,NA,NA,http://api.openalex.org/works/filter=id.doi:https://doi.org/10.1109/ICEBEG.2011.5886813,NA
14368,Effect of corporate philanthropy on consumers' purchasing intention,2011 International Conference on E-Business and E-Government (ICEE),Yao Qi,NA,NA,NA,http://api.openalex.org/works/filter=id.doi:https://doi.org/10.1109/ICEBEG.2011.5886830,NA
9655,Emotionalized design in web-based curriculum,2011 International Conference on E-Business and E-Government (ICEE),Min Wang;Chaochen Liu;Ping Yang,NA,NA,NA,http://api.openalex.org/works/filter=https://doi.org/10.1109/ICEBEG.2011.5881505,NA
9233,Empirical Study on Chinese Employee's Career Development,2011 International Conference on E-Business and E-Government (ICEE),Yao Hui,NA,NA,NA,http://api.openalex.org/works/filter=https://doi.org/10.1109/ICEBEG.2011.5881321,NA
8762,How to Build up the Teaching Mode of Develop Thinking,2011 International Conference on E-Business and E-Government (ICEE),Guan Xiaoming;Huang Xiangsheng;Wang Huaiping,NA,NA,NA,http://api.openalex.org/works/filter=https://doi.org/10.1109/ICEBEG.2011.5887102,NA
9679,Investment Strategy for China Stock Market,2011 International Conference on E-Business and E-Government (ICEE),Tu Niansong;Long Jinru,NA,NA,NA,http://api.openalex.org/works/filter=https://doi.org/10.1109/ICEBEG.2011.5882383,NA
9380,"Macroeconomic Crisis, Top Manager's Psychology and the Upgrading of Enterprises: Based on the Theory of TMT",2011 International Conference on E-Business and E-Government (ICEE),Guo Xiao,NA,NA,NA,http://api.openalex.org/works/filter=id.doi:https://doi.org/10.1109/ICEBEG.2011.5886866,NA
14868,Participation management: The cornerstone of constructing harmonious labor relations for multinational enterprise,2011 International Conference on E-Business and E-Government (ICEE),Minghua Pan,NA,NA,NA,http://api.openalex.org/works/filter=id.doi:https://doi.org/10.1109/ICEBEG.2011.5886879,NA
11684,Psychological contract violation and workplace deviance: The moderating role of negative reciprocity beliefs,2011 International Conference on E-Business and E-Government (ICEE),Zhen-Yuan Wang,NA,NA,NA,http://api.openalex.org/works/filter=id.doi:https://doi.org/10.1109/ICEBEG.2011.5881557,NA
9388,Relationship Between Interpersonal Conflict and Counterproductive Work Behavior: The Effects of Negative Affectivity,2011 International Conference on E-Business and E-Government (ICEE),Jianwei Zhang;Chengquan Wang;Yuxin Liu;Que Chen,NA,NA,NA,http://api.openalex.org/works/filter=id.doi:https://doi.org/10.1109/ICEBEG.2011.5882413,NA
8895,Research on Energy Performance Contracting Based on Consumer Psychology,2011 International Conference on E-Business and E-Government (ICEE),Liao Jia-Li;Liu Min,NA,NA,NA,http://api.openalex.org/works/filter=id.doi:https://doi.org/10.1109/ICEBEG.2011.5881362,NA
9322,Research on Individual Performance of Team: From the View of Disagreement,2011 International Conference on E-Business and E-Government (ICEE),Anzhou Li,NA,NA,NA,http://api.openalex.org/works/filter=id.doi:https://doi.org/10.1109/ICEBEG.2011.5882644,NA
9692,Research on Personality Character of Knowledge Worker and Motivate Factors,2011 International Conference on E-Business and E-Government (ICEE),Gu Fan;Su Yong,NA,NA,NA,http://api.openalex.org/works/filter=id.doi:https://doi.org/10.1109/ICEBEG.2011.5882649,NA
9705,Research on the Influencing Factors for the Urban Residents Low Carbon Energy Consumption Behavior,2011 International Conference on E-Business and E-Government (ICEE),Mi Lingyun;Nie Rui;Li Xiaohua;Li Hualong,NA,NA,NA,http://api.openalex.org/works/filter=id.doi:https://doi.org/10.1109/ICEBEG.2011.5877071,NA
9093,Research on the relationship between psychological capital and job performance in WISCO,2011 International Conference on E-Business and E-Government (ICEE),Zhang Yan;Zhang Lingli,NA,NA,NA,http://api.openalex.org/works/filter=id.doi:https://doi.org/10.1109/ICEBEG.2011.5881370,NA
9634,Study on relationship between job satisfaction and extra-role behavior,2011 International Conference on E-Business and E-Government (ICEE),Tao Peng;Miaomiao Yu;Yong Cao;Qiguang Zhu,NA,NA,NA,http://api.openalex.org/works/filter=id.doi:https://doi.org/10.1109/ICEBEG.2011.5882687,NA
9391,The Dimensions of Consumer Commitment and its Impact on Brand Price Loyalty: Empirical Study of Coffee Chain Store Brands,2011 International Conference on E-Business and E-Government (ICEE),Weil Liang,NA,NA,NA,http://api.openalex.org/works/filter=id.doi:https://doi.org/10.1109/ICEBEG.2011.5881409,NA
8954,The Influnces of Age Factor on Students' English Learning Strategies in Autonomy Learning,2011 International Conference on E-Business and E-Government (ICEE),Xu Shuyan;Yang Xianhua,NA,NA,NA,http://api.openalex.org/works/filter=id.doi:https://doi.org/10.1109/ICEBEG.2011.5887216,NA
8703,The Job Interview Characteristics of Our College Students and the Related Analysis,2011 International Conference on E-Business and E-Government (ICEE),Deng Lifang;Xu Wenzhe,NA,NA,NA,http://api.openalex.org/works/filter=id.doi:https://doi.org/10.1109/ICEBEG.2011.5885339,NA
9216,The Relationship of Network Centrality and Employees' Turnover Intention: The Mediating Role of Job Satisfaction and Group Commitment,2011 International Conference on E-Business and E-Government (ICEE),Ruilin Dai;Zhenyuan Wang,NA,NA,NA,http://api.openalex.org/works/filter=id.doi:https://doi.org/10.1109/ICEBEG.2011.5882733,NA
8729,The Statement of the Relationship Between the Educational Technology Development and Gagne,2011 International Conference on E-Business and E-Government (ICEE),Chuanhui Zhang;Weiyao Jiang,NA,NA,NA,http://api.openalex.org/works/filter=id.doi:https://doi.org/10.1109/ICEBEG.2011.5887230,NA
9930,The Study of Effects on Individual Career Management of Private Elementary and Middle Schools' Teachers â€” Taking Private Elementary and Middle Schools of Dongguan City for Example,2011 International Conference on E-Business and E-Government (ICEE),Zhao Min;Lv Youdian,NA,NA,NA,http://api.openalex.org/works/filter=id.doi:https://doi.org/10.1109/ICEBEG.2011.5881434,NA
14938,The study on the conceptualization of group citizen behavior of enterprise,2011 International Conference on E-Business and E-Government (ICEE),Lv Zheng-Bao,NA,NA,NA,http://api.openalex.org/works/filter=id.doi:https://doi.org/10.1109/ICEBEG.2011.5882743,NA
12558,Considerations for Talents in Creative Design for the Culture Creative Industry Development,2010 IEEE 11th International Conference on Computer-Aided Industrial Design & Conceptual Design 1,Guiyu Zheng;Maolai Cao,NA,NA,NA,http://api.openalex.org/works/filter=id.doi:https://doi.org/10.1109/CAIDCD.2010.5681853,NA
12548,Look at the Impact of Folk Visual Language on Modern Design from Zhu Xian Town's Lunar New Year's Painting,2010 IEEE 11th International Conference on Computer-Aided Industrial Design & Conceptual Design 1,Yangyang Song;Xu Zhou,NA,NA,NA,http://api.openalex.org/works/filter=id.doi:https://doi.org/10.1109/CAIDCD.2010.5681892,NA
12559,The Inspiration to Modern Landscape Design from â€œThe Story of Peach Blossom Springâ€,2010 IEEE 11th International Conference on Computer-Aided Industrial Design & Conceptual Design 1,Jing Zhang;Zhixin Wang,NA,NA,NA,http://api.openalex.org/works/filter=id.doi:https://doi.org/10.1109/CAIDCD.2010.5681882,NA
14777,The Status of Research Teaching in China,2010 International Conference on Education and Management Technology,Haifeng Chen;Miao He;Yi Pan,NA,NA,NA,http://api.openalex.org/works/filter=id.doi:https://doi.org/10.1109/ICEMT.2010.5657582,NA
11415,Development of Smart System for Neck Comfort During Air Travel,2010 International Conference on Educational and Information Technology (ICEIT),CheeFai Tan;Wei Chen;Matthias Rauterberg,NA,NA,NA,http://api.openalex.org/works/filter=id.doi:https://doi.org/10.1109/ICEIT.2010.5607662,NA
11368,New View of Developing Art Education of Normal University,2010 International Conference on Educational and Information Technology (ICEIT),Xiaochun Ma,NA,NA,NA,http://api.openalex.org/works/filter=id.doi:https://doi.org/10.1109/ICEIT.2010.5607709,NA
11355,Study on Improving Effectiveness of College Freshmen Education,2010 International Conference on Educational and Information Technology (ICEIT),Shaomei Wang,NA,NA,NA,http://api.openalex.org/works/filter=id.doi:https://doi.org/10.1109/ICEIT.2010.5607713,NA
13020,An Analysis of Herding Behavior under Cognitive Bias Structure - A Stock Market Case Study,2010 International Conference on E-Business and E-Government,Zhu Wenjuan;Tian Jun;Chen Ying,NA,NA,NA,https://api.openalex.org/works/filter=id.doi:https://doi.org/10.1109/ICEE.2010.1343,NA
11942,Empirical Research on the Measurement System of Top Management Team Human Capital Value,2010 International Conference on E-Business and E-Government,Chen Yue-Ming;Ge Yu-Hui;Song Zhi-Qiang,NA,NA,NA,https://api.openalex.org/works/filter=id.doi:https://doi.ieeecomputersociety.org/10.1109/ICEE.2010.997,NA
12520,Research on the Elder Tourism Market in Shanghai,2010 International Conference on E-Business and E-Government,Tang Wenting;Pan HaiLan;Wu Cuihong,NA,NA,NA,https://api.openalex.org/works/filter=id.doi:https://doi.org/10.1109/ICEE.2010.638,NA
12512,Studies on the Factors of Interaction Quality in Public Service Quality Management,2010 International Conference on E-Business and E-Government,Yang Kun;Hu Jing;Wang Bingjie,NA,NA,NA,https://api.openalex.org/works/filter=id.doi:https://doi.org/10.1109/ICMSS.2010.5577212,NA
12517,Study on the Influence of Job Pressure on Staff's Performance in Service Industry - Taking Emotional Labor and Job Burnout as Intermediaries,2010 International Conference on E-Business and E-Government,Yu Wei;Zhang Yan,NA,NA,NA,https://api.openalex.org/works/filter=id.doi:https://doi.ieeecomputersociety.org/10.1109/ICEE.2010.771,NA
12035,The Exploration of Building Enterprise Education Practical Community for Undergraduate Students,2010 International Conference on E-Business and E-Government,Jingyang Wang;Shang Meng;Xiaohong Wang,NA,NA,NA,https://api.openalex.org/works/filter=id.doi:https://doi.org/10.1109/ICEE.2010.1210,NA
12275,The Influence of Self-construal and Normative Evaluations on Impulse Buying,2010 International Conference on E-Business and E-Government,Xiong Suhong;Jing Fengjie,NA,NA,NA,https://api.openalex.org/works/filter=id.doi:https://doi.org/10.1109/ICEE.2010.758,NA
13008,The Influence of Work-Family Conflict and Supervisor Support on Job Satisfaction,2010 International Conference on E-Business and E-Government,Lin Qiu,NA,NA,NA,https://api.openalex.org/works/filter=id.doi:https://doi.org/10.1109/ICEE.2010.1218,NA
13093,"The Relation Among Job Satisfaction, Stress Level and Self-efficacy of Safety Staff in Coal Mine",2010 International Conference on E-Business and E-Government,Li Jizu;Liu Jiuyuan,NA,NA,NA,https://api.openalex.org/works/filter=id.doi:https://doi.org/10.1109/ICEE.2010.272,NA
12239,Behavioural study on cognition of clothing color based on brightness,2010 6th International Conference on Natural Computation (ICNC),Xiao-Feng Jiang;Guo-Lian Liu;Fang Qin;Shan-Shan Wang,NA,NA,NA,https://api.openalex.org/works/filter=id.doi:https://doi.org/10.1109/ICNC.2010.5584717,NA
12317,Learning through organizational citizenship behavior,2010 6th International Conference on Natural Computation (ICNC),Jin-Zhao Deng,NA,NA,NA,https://api.openalex.org/works/filter=id.doi:https://doi.org/10.1109/ICNC.2010.5582471,NA
14081,Action Mechanism of Knowledge Conflict on Team Innovation,2010 International Conference on Management and Service Science,Xudong Ni;Ruoyang Gao,NA,NA,NA,https://api.openalex.org/works/filter=id.doi:https://doi.org/10.1109/ICMSS.2010.5577036,NA
14062,How Service Climate Impacts on Service Performance: Evidence from China Hotel Industry,2010 International Conference on Management and Service Science,Wenli Li;Yagang Lu,NA,NA,NA,https://api.openalex.org/works/filter=id.doi:https://doi.org/10.1109/ICMSS.2010.5576630,NA
14186,Influences on Unrealistic Optimism in Risk Perception and It's Developmental Mechanism,2010 International Conference on Management and Service Science,Xiaoping Liu;Hong Xie,NA,NA,NA,https://api.openalex.org/works/filter=id.doi:https://doi.org/10.1109/ICMSS.2010.5575326,NA
14131,Study on Escalation Factors of Conversion from Task Conflict to Relationship Conflict,2010 International Conference on Management and Service Science,Xudong Ni;Ruoyang Gao,NA,NA,NA,https://api.openalex.org/works/filter=id.doi:https://doi.org/10.1109/ICMSS.2010.5575610,NA
14105,The Effects of Internal Marketing on Service Branding,2010 International Conference on Management and Service Science,Ye Chen;Jing Zhao,NA,NA,NA,https://api.openalex.org/works/filter=id.doi:https://doi.org/10.1109/ICMSS.2010.5576617,NA
14065,The Effects of Subordinate-Supervisor Conscientiousness Fit on Organizational Commitment and Career Satisfaction,2010 International Conference on Management and Service Science,Xiaoping Liu;Jinfei Zhou,NA,NA,NA,https://api.openalex.org/works/filter=id.doi:https://doi.org/10.1109/ICMSS.2010.5575328,NA
13615,Research Review on the Purchase Psychologies and Behaviors of the â€œThree Highâ€ Sports Lottery Consumers,2010 The 2nd Conference on Environmental Science and Information Application Technology,Yang Liu;Wang Bin,NA,NA,NA,Research Review on the Purchase Psychologies and Behaviors of the â€œThree Highâ€ Sports Lottery Consumers,NA
11699,Design and Development of Athlete Information Management System,2010 3rd International Conference on Computer Science and Information Technology,He Xiuzhen,NA,NA,NA,https://api.openalex.org/works/filter=id.doi:https://doi.org/10.1109/ICCSIT.2010.5564019,NA
11585,From Disorder Applause to Emerging Rhythmic Clapping,2010 3rd International Conference on Computer Science and Information Technology,Kun Liu,NA,NA,NA,https://api.openalex.org/works/filter=id.doi:https://doi.org/10.1109/ICCSIT.2010.5563796,NA
11530,Fully Play the Advantages of Educational Technology to Support Individualized Education for Hearing-impaired Students,2010 3rd International Conference on Computer Science and Information Technology,Wu Xiao Fen;Xu Jia Cheng,NA,NA,NA,https://api.openalex.org/works/doi:https://doi.org/10.1109/ICCSIT.2010.5563812,NA
11708,Study on the Key Factors of Innovation Management in Service Enterprise,2010 3rd International Conference on Computer Science and Information Technology,Ni Huijun;Yu Wei,NA,NA,NA,https://api.openalex.org/works/doi:https://doi.org/10.1109/ICCSIT.2010.5563983,NA
11907,The Impact of Administration Services Center Staff's Emotional Labor on the Performance,2010 3rd International Conference on Computer Science and Information Technology,Yu Wei,NA,NA,NA,https://api.openalex.org/works/doi:https://doi.org/10.1109/ICCSIT.2010.5563657,NA
14732,A Study on Factors Influencing Knowledge-sharing Activity for the Innovation Activity of Team,2010 IEEE International Conference on Advanced Management Science (ICAMS 2010),Jungwoo Lee;Jeongeun Kim;Yoengjong Han,NA,NA,NA,https://api.openalex.org/works/doi:https://doi.org/10.1109/ICAMS.2010.5552921,NA
14516,Application Research for Undergraduate Education Evaluation Method Based on SVM,2010 IEEE International Conference on Advanced Management Science (ICAMS 2010),Yandong Guo;Kai Yang,NA,NA,NA,https://api.openalex.org/works/doi:https://doi.org/10.1109/ICAMS.2010.5553168,NA
14234,Assessing Two Emotion Regulation Processes in Chinese Adolescents,2010 IEEE International Conference on Advanced Management Science (ICAMS 2010),Zhibin Chen,NA,NA,NA,https://api.openalex.org/works/doi:https://doi.org/10.1109/ICAMS.2010.5553216,NA
14615,Dominant Organizational Culture in Iran,2010 IEEE International Conference on Advanced Management Science (ICAMS 2010),Mohammad Ali Sharifian;Vafa Moaydi,NA,NA,NA,https://api.openalex.org/works/doi:https://doi.org/10.1109/ICAMS.2010.5553026,NA
14547,Stay or Switch? An Examination to the Role of Alternative Attractiveness in Chinese Mobile Business,2010 IEEE International Conference on Advanced Management Science (ICAMS 2010),Zhou Fangwen;Wang Tao,NA,NA,NA,https://api.openalex.org/works/doi:https://doi.org/10.1109/ICAMS.2010.5553225,NA
14563,"Study on Psychological Relation Among Job Satisfaction, Stress Level and Self-efficacy of Safety Personnel in Coal Mine",2010 IEEE International Conference on Advanced Management Science (ICAMS 2010),Ji-zu Li;Ya-hui Wang,NA,NA,NA,https://api.openalex.org/works/doi:https://doi.org/10.1109/ICAMS.2010.5553015,NA
14545,The Analysis and Case Study on Marketing Management Risk in Enterprises,2010 IEEE International Conference on Advanced Management Science (ICAMS 2010),Tang Yang,NA,NA,NA,https://api.openalex.org/works/doi:https://doi.org/10.1109/ICAMS.2010.5552894,NA
14558,The Evolution of Concrete Attention Structures on Project Portfolio Selection Decision: A NK-model Simulation,2010 IEEE International Conference on Advanced Management Science (ICAMS 2010),Xinran Wang;Jianzu Wu,NA,NA,NA,https://api.openalex.org/works/doi:https://doi.org/10.1109/ICAMS.2010.5553243,NA
14582,The Impact of Career Management Strategies on Organizational Commitment and Career Satisfaction,2010 IEEE International Conference on Advanced Management Science (ICAMS 2010),Xiaoping Liu;Jingsong Deng,NA,NA,NA,https://api.openalex.org/works/doi:https://doi.org/10.1109/ICAMS.2010.5552846,NA
14450,The Impact of Shared Product Knowledge and Receivers' Expertise on the E-commerce Consumer Purchasing Decision,2010 IEEE International Conference on Advanced Management Science (ICAMS 2010),Liu Lihua;Xu Jichao;Yang Ping,NA,NA,NA,https://api.openalex.org/works/doi:https://doi.org/10.1109/ICAMS.2010.5552860,NA
14574,The Study of Maintain System of Dispatched Workers' Psychological Contract,2010 IEEE International Conference on Advanced Management Science (ICAMS 2010),Wang Liping;Ma Yu,NA,NA,NA,https://api.openalex.org/works/doi:https://doi.org/10.1109/ICAMS.2010.5552876,NA
847,A pilot study on perceived stress and PTSD symptomatology in relation to four dimensions of older women's physical health,Aging and Mental Health,Luciana LaganÃ ;Stacy L. Reger,10.1080/13607860903046578,10.1080/13607863.2010.502768,10.1080/13607860903046578,https://api.openalex.org/works/doi:10.1080/13607860903004023,NA
15260,Research and Analysis on Causes of Vocational Burnout of Gym Instructors in Colleges of Hebei Province,"2010 International Conference on Optics, Photonics and Energy Engineering (OPEE)",Lei Xu;Wei Zhang;Dongliang Wang,NA,NA,NA,https://api.openalex.org/works/doi:https://doi.org/10.1109/OPEE.2010.5508015,NA
15263,Study on Aims and Methodology of Setback Education,"2010 International Conference on Optics, Photonics and Energy Engineering (OPEE)",Zichen Li;Wenjing Wang,NA,NA,NA,https://api.openalex.org/works/doi:https://doi.org/10.1109/OPEE.2010.5507999,NA
15235,The Research on the Value of Multimedia Teaching Method in the Course of University Physics,"2010 International Conference on Optics, Photonics and Energy Engineering (OPEE)",Jianyong Guo;Feiming Chen;Guangxin Zhao;Xi Huang;Jihong Liao,NA,NA,NA,https://api.openalex.org/works/doi:https://doi.org/10.1109/OPEE.2010.5508062,NA
13332,A Comparative Study of Consumers' Acceptance Model in Mobile-commerce,2010 2nd International Conference on Computer Engineering and Technology,Xiaolu Cheng;Luzhuang Wang,NA,NA,NA,https://api.openalex.org/works/doi:https://doi.org/10.1109/ICCET.2010.5485655,NA
12999,Psychometric Theory Applied to Questionnaire-based Appraisals on Software Process Assessments: An Initial Report,2010 2nd International Conference on Computer Engineering and Technology,Ivan Garcia;Gabriel Andrade,NA,NA,NA,https://api.openalex.org/works/doi:https://doi.org/10.1109/ICECTECH.2010.5479933,NA
13242,Employee Engagement and Effective Leadership in Hotel Service Industry of China,2010 2nd IEEE International Conference on Information Management and Engineering,Zeng Hui;Zhou Xiang;Theo A Cope,NA,NA,NA,https://api.openalex.org/works/doi:https://doi.org/10.1109/ICIME.2010.5477899,NA
13553,Research on the Cultivation of Sub-consciousness in Physical Education Teaching and Training,2010 2nd IEEE International Conference on Information Management and Engineering,Zuixin Chen,NA,NA,NA,https://api.openalex.org/works/doi:https://doi.org/10.1109/ICIME.2010.5477970,NA
13511,Research on the Influence of Psychological Factors in Physical Education Teaching,2010 2nd IEEE International Conference on Information Management and Engineering,Shengquan He,NA,NA,NA,https://api.openalex.org/works/doi:https://doi.org/10.1109/ICIME.2010.5477731,NA
13556,The Effects of Cultural Dimensions on Firms' Innovativeness,2010 2nd IEEE International Conference on Information Management and Engineering,Chunling Zhu,NA,NA,NA,https://api.openalex.org/works/doi:https://doi.org/10.1109/ICIME.2010.5477740,NA
7131,A Research on Blahs Bear Correlative and Cognize Warp of Deaf Undergraduates,2009 2nd International Conference on Education Technology and Training,Qiang Li;Chenfei Lu,NA,NA,NA,https://api.openalex.org/works/doi:https://doi.org/10.1109/ETT.2009.103,NA
7436,Effect of Gaze Direction and Face Expression on Visual Reflexive Attention,2009 2nd International Conference on Education Technology and Training,Xin Guan;Qi Wang;Ji Zhang;Xue-Min Zhang,NA,NA,NA,https://api.openalex.org/works/doi:https://doi.org/10.1109/ETT.2009.83,NA
7113,A Comparison of Perceptions on the Investment Theory of Creativity between Chinese and American,2009 5th International Conference on Natural Computation,Pingping Liu;Xingli Zhang;Jiannong Shi,NA,NA,NA,https://api.openalex.org/works/doi:https://doi.org/10.1109/ICNC.2009.129,NA
7110,Influence of Organizational Boundary on Psychological Empowerment in Multi-organization Network,2009 5th International Conference on Natural Computation,Bo Yang;Maoshan Qiang,NA,NA,NA,https://api.openalex.org/works/doi:https://doi.org/10.1109/ICNC.2009.471,NA
6775,Innovative Mathematical Pedagogical Model Based on Cognitive Psychology,2009 International Conference on Computational Intelligence and Software Engineering,Chengming Qi;Shoumei Cui;Ling Hao,NA,NA,NA,https://api.openalex.org/works/doi:https://doi.org/10.1109/CISE.2009.5365371,NA
7112,Why Not See: Inhibition on Distractors,2009 5th International Conference on Natural Computation,Han Lin;Kan Zhang,NA,NA,NA,https://api.openalex.org/works/doi:https://doi.org/10.1109/ICNC.2009.736,NA
7777,Psychological recovery by community reconstruction and management,2009 International Conference on Management and Service Science,Jing Zhao;Hailong Li;Qing Qiao,NA,NA,NA,https://api.openalex.org/works/doi:https://doi.org/10.1109/ICMSS.2009.5303768,NA
7674,Reflections on the Stages and Features of Knowledge Transfer Process,2009 International Conference on Management and Service Science,Zheng Yang;Shan-Shan Zhang,NA,NA,NA,https://api.openalex.org/works/doi:https://doi.org/10.1109/ICMSS.2009.5303314,NA
8535,Would Customer Participation Certainly Cause Customer Satisfaction?,2009 International Conference on Management and Service Science,Haijun Wang,NA,NA,NA,https://api.openalex.org/works/doi:https://doi.org/10.1109/ICMSS.2009.5301414,NA
6871,Psychopathological mechanism and compensation psychotherapy of internet addiction,2009 1st IEEE Symposium on Web Society,Gao Wenbin;Zhang Fangfang;Chen Zhiyan,NA,NA,NA,https://api.openalex.org/works/doi:https://doi.org/10.1109/SWS.2009.5271788,NA
4921,Synaptic Strengthening and Continuum Activity-wave Growth in Temporal Sequencing During Cognitive Tasks,The International Journal of Neuroscience,Gerry Leisman;Paul Koch,NA,NA,NA,https://api.openalex.org/works/doi:https://doi.org/10.1080/00207450390162029,NA
7259,Coal mine safety on environmental sustainability based on behavior science,2009 International Conference on Environmental Science and Information Application Technology,Xinjuan Li,NA,NA,NA,https://api.openalex.org/works/doi:https://doi.org/10.1109/ESIAT.2009.173,NA
7104,"A Study on the Relations among Distress Disclosure, Non-Supportive Social Responses and Anxiety of College Students",2009 3rd International Conference on Bioinformatics and Biomedical Engineering,Chu-Mei Lan;Chia-Nan Tai;Ju-An Cheng;Thung-Ming Su,NA,NA,NA,https://api.openalex.org/works/doi:https://doi.org/10.1109/ICBBE.2009.5162252,NA
7102,Compilation of College Students' Self-Actualization Questionnaire for Undergraduates,2009 3rd International Conference on Bioinformatics and Biomedical Engineering,Hui Ai;Yu-Xia Huang;Wen-Dao Li,NA,NA,NA,https://api.openalex.org/works/doi:https://doi.org/10.1109/ICBBE.2009.5162545,NA
7106,"Relationship of Job Satisfaction, Social Support and Subjective Well-Being in Catering Enterprise",2009 3rd International Conference on Bioinformatics and Biomedical Engineering,Lin Zhang;Yuan-Yuan Li,NA,NA,NA,https://api.openalex.org/works/doi:https://doi.org/10.1109/ICBBE.2009.5163298,NA
7103,"Stressful Life Events, Coping Strategies and Mental Health Problems among Chinese Vocational College Students",2009 3rd International Conference on Bioinformatics and Biomedical Engineering,Lin Qiu;Biaobin Yan,NA,NA,NA,https://api.openalex.org/works/doi:https://doi.org/10.1109/ICBBE.2009.5163430,NA
2839,The latent structure of the Peritraumatic Dissociative Experiences Questionnaire,Journal of Traumatic Stress,Richard A Bryant;Robert Brooks;Derrick Silove;Mark Creamer;Meaghan O'Donnell;Alexander C McFarlane;Charles R Marmar,10.1002/jts.20388,NA,10.1002/jts.20388,https://api.openalex.org/W2130799369,NA
6828,Integrated specialty mental health care among older minorities improves access but not outcomes: results of the PRISMe study,International Journal of Geriatric Psychiatry,Patricia A Arean;Liat Ayalon;Chengshi Jin;Charles E McCulloch;Karen Linkins;Hongtu Chen;Betsy McDonnell-Herr;Sue Levkoff,10.1002/gps.2047,10.1002/gps.2047,10.1002/gps.2047,https://api.openalex.org/works/filter=id.doi:https://doi.org/10.1002/gps.2100,NA
8186,Research on the Optimal Incentive Contract Considering Contractorâ€™s Intrinsic Motivation in the Construction Quality Insurance System,2008 International Conference on Machine Learning and Cybernetics,Xing-Hai Chen;Lie-Yun Ding;Han-Bin Luo;Jun Sun,NA,NA,NA,https://api.openalex.org/works/doi:https://doi.org/10.1109/ICMLC.2008.4620496,NA
17357,From indirect aggression to invisible aggression: A conceptual view on bullying and peer group manipulation,Aggression and Violent Behavior,Claire F Grandeau;Antonius H N Cillessen,10.1016/j.avb.2005.08.004,10.1016/j.avb.2005.08.004,10.1016/j.avb.2005.08.004,https://api.openalex.org/works/doi:https://psycnet.apa.org/doi/10.1016/j.avb.2005.08.005,NA
5012,On: A Boycott by Passport,The International Journal of PsychoAnalysis,Glen O Gabbard;Paul Williams,10.1516/DRRV-PB7U-01TH-Y5UT,NA,NA,NA,NA
6823,Effect of occupational noise on the nocturnal sleep architecture of healthy subjects,Indian Journal of Physiology and Pharmacology,B Gitanjali;R Dhamodharan,NA,NA,NA,NA,NA
4123,Less pain and more to gain: why high-status group members blame their failure on discrimination,Journal of Personality and Social Psychology,Karen M Ruggiero;David M Marx,10.1037/0022-3514.77.4.774,10.1037/0022-3514.81.2.178,10.1037/0022-3514.77.4.774,https://api.openalex.org/W1996229531,NA
5819,Evaluation of the relation between Pavlovian occasion-setting and instrumental discriminative stimuli: a blocking analysis,Journal of Experimental Psychology. Animal behavior processes,Robert T Ross;Vincent M LoLordo,10.1037/0097-7403.13.1.3,10.1037/0097-7403.16.4.402,10.1037/0097-7403.13.1.3,https://api.openalex.org/W2011267887,NA